,user_name,teks
0,Syamsud76579252,"RT @mojokdotco: ""Kasus di Kanjuruhan menunjukkan justru pendekatan represif yang dikedepankan (aparat). Penggunaan pentungan, penggunaan ga‚Ä¶"
1,mojokdotco,"""Kasus di Kanjuruhan menunjukkan justru pendekatan represif yang dikedepankan (aparat). Penggunaan pentungan, penggunaan gas air mata yang sudah jelas dilarang FIFA ternyata justru masih digunakan.‚Äù - Pengamat UGM. #Kilas https://t.co/8YMMCNaheb"
2,MBojleng,"RT @Wadas_Melawan: GEMPA DEWA TURUT BERDUKA CITA ATAS TRAGEDI KANJURUHAN

Tragedi di Kanjuruhan mengingatkan kami pada tindakan represif ap‚Ä¶"
3,danielalpen,"RT @Wadas_Melawan: GEMPA DEWA TURUT BERDUKA CITA ATAS TRAGEDI KANJURUHAN

Tragedi di Kanjuruhan mengingatkan kami pada tindakan represif ap‚Ä¶"
4,NumeroUnoBDG,"RT @Wadas_Melawan: GEMPA DEWA TURUT BERDUKA CITA ATAS TRAGEDI KANJURUHAN

Tragedi di Kanjuruhan mengingatkan kami pada tindakan represif ap‚Ä¶"
5,Konsorsium_303,"Suporter yang anarkhis sehingga memancing tindakan represif dari aparat
Gas air mata sdh sesuai SOP.
Terakhir pintu stadion tidak sesuai standar terlalu kecil
Perlu di renovasi

Udah mau apalagi klen udah jelas kan...
üá∑üá™üï≥Ô∏èüòÅü¶úüòÅüòäüòÅüòäüá∑üá™üëåüè´ü•ëü¶ÉüòçüáÆüá©üëåüáÆüá©üëåüáÆüá©üòä"
6,Shandyborju,"@Miduk17 semua stadion kalo chaos ya pasti banyak korban jiwa, jgnkan diindonesia , di luar negri jg pernah terjadi.
makanya dibutuhkan manajemen yg profesional , &amp; aparat keamanan yg persuasif.
kl manajemen nya amburadul &amp; aparat represif yakinlah pasti kacau.
jd bukan gedungnya gobloküòÅ"
7,Si_DicK,RT @kangnugo85: Jk diliat kemarahan publik pd institusi coklat saat ni adlh puncak gagal2nya coklat dlm mereformasi institusi &amp; sistem didl‚Ä¶
8,maghfiraEr,RT @kangnugo85: Jk diliat kemarahan publik pd institusi coklat saat ni adlh puncak gagal2nya coklat dlm mereformasi institusi &amp; sistem didl‚Ä¶
9,HermanM54079043,RT @asfan_warah: @detikcom Pak @jokowi apa tindakan aparat keamanan yg nampak represif dan over-excessive juga perlu dievaluasi dan diaudit?
10,kangnugo85,"Jk diliat kemarahan publik pd institusi coklat saat ni adlh puncak gagal2nya coklat dlm mereformasi institusi &amp; sistem didlmnya pasca orba, perilaku aparat yg tak berubah dr level grassroot, budaya organisasi represif yg tak persuasif, &amp; terlibat aktif dlm organ2 sipil"
11,SalmanA68307536,"RT @Wadas_Melawan: GEMPA DEWA TURUT BERDUKA CITA ATAS TRAGEDI KANJURUHAN

Tragedi di Kanjuruhan mengingatkan kami pada tindakan represif ap‚Ä¶"
12,wahju_wibowo,"@sulaimaneffendi Menuntut presiden minta maaf? Kehadiran presiden di Malang secara tersirat sudah lebih dari cukup,  Poin 2, seperti menafikan kalau suporter juga menjadi penyebab tindakan represif aparat. Menuntut kejadian serupa tdk terulang, bgmn dg kesadaran diri mereka sbg causa primanya."
13,asfan_warah,@detikcom Pak @jokowi apa tindakan aparat keamanan yg nampak represif dan over-excessive juga perlu dievaluasi dan diaudit?
14,mzwidodo,"@keuangannews_id Waduh. Kesannya kok malah bela aparat. 

KL aparat tdk represif insya Allah suporter jg tdk anarkis . Tp ini aparat represif sekali"
15,43aspectratio,"RT @Wadas_Melawan: GEMPA DEWA TURUT BERDUKA CITA ATAS TRAGEDI KANJURUHAN

Tragedi di Kanjuruhan mengingatkan kami pada tindakan represif ap‚Ä¶"
16,aafii_ababah,"RT @Wadas_Melawan: GEMPA DEWA TURUT BERDUKA CITA ATAS TRAGEDI KANJURUHAN

Tragedi di Kanjuruhan mengingatkan kami pada tindakan represif ap‚Ä¶"
17,prasetyo_putraa,RT @medioclubID: 6. Menjamin tidak akan terulangnya kembali tindakan represif aparat keamanan terhadap penanganan kerumunan suporter di dal‚Ä¶
18,islam_bergerak,"RT @Wadas_Melawan: GEMPA DEWA TURUT BERDUKA CITA ATAS TRAGEDI KANJURUHAN

Tragedi di Kanjuruhan mengingatkan kami pada tindakan represif ap‚Ä¶"
19,j4nyus,"RT @Wadas_Melawan: GEMPA DEWA TURUT BERDUKA CITA ATAS TRAGEDI KANJURUHAN

Tragedi di Kanjuruhan mengingatkan kami pada tindakan represif ap‚Ä¶"
20,wahyubaw,"RT @Wadas_Melawan: GEMPA DEWA TURUT BERDUKA CITA ATAS TRAGEDI KANJURUHAN

Tragedi di Kanjuruhan mengingatkan kami pada tindakan represif ap‚Ä¶"
21,sotengs,"RT @Wadas_Melawan: GEMPA DEWA TURUT BERDUKA CITA ATAS TRAGEDI KANJURUHAN

Tragedi di Kanjuruhan mengingatkan kami pada tindakan represif ap‚Ä¶"
22,AndraLalilulelo,"@Bejo189 @whitelily1303 @hadi_11bsk @tvOneNews Peristiwa bakar mobil &amp; fasilitas itu DI LUAR Stadion dan bentuk kekesalah fans terhadap perlakuan represif aparat (kalo anda baca berita ini pasti tau), kondisi di tempat udah kaya medan PERANG! Horror!!!

Udah kan!? Mau apalagi anda gan!?!?

Tragedi ini HARUS DIUSUT TUNTAS!!!"
23,catmerade,"@ZapMav @Arnsept @Arie_Kriting ini ada contoh lain yg lebih melokal. aparat di foto ini kesannya membiarkan, tp itu pilihan yg tepat. lain cerita kalo misal aparatnya represif dan brutal, mungkin akan jatuh korban dari bonek dan polisi.
https://t.co/HgSQTzdG3g"
24,catmerade,"@ZapMav @Arnsept @Arie_Kriting suporter di manapun, kalo ketemu aparat yg represif berlebihan, mereka akan ngelawan balik. makanya gw bilang berkali2, pentingnya aparat memahami psikologi massa dalam mengambil tindakan pengamanan biar gak sembrono kaya yg di malang kemarin.
https://t.co/8mUoj7ujAr"
25,KurniaChen,"RT @Wadas_Melawan: GEMPA DEWA TURUT BERDUKA CITA ATAS TRAGEDI KANJURUHAN

Tragedi di Kanjuruhan mengingatkan kami pada tindakan represif ap‚Ä¶"
26,Bduatujuh1,"RT @Wadas_Melawan: GEMPA DEWA TURUT BERDUKA CITA ATAS TRAGEDI KANJURUHAN

Tragedi di Kanjuruhan mengingatkan kami pada tindakan represif ap‚Ä¶"
27,Bonom99,"RT @Wadas_Melawan: GEMPA DEWA TURUT BERDUKA CITA ATAS TRAGEDI KANJURUHAN

Tragedi di Kanjuruhan mengingatkan kami pada tindakan represif ap‚Ä¶"
28,HeriSahaja1,"RT @bachrum_achmadi: Menghadapi pendemo aparat represif. Menghadapi suporter sepak bola aparat represif &amp; gegabah.

Menghadapi 6 laskar FPI‚Ä¶"
29,PriyonoSadjijo,"RT @Wadas_Melawan: GEMPA DEWA TURUT BERDUKA CITA ATAS TRAGEDI KANJURUHAN

Tragedi di Kanjuruhan mengingatkan kami pada tindakan represif ap‚Ä¶"
30,brjdOfficial,"RT @Wadas_Melawan: GEMPA DEWA TURUT BERDUKA CITA ATAS TRAGEDI KANJURUHAN

Tragedi di Kanjuruhan mengingatkan kami pada tindakan represif ap‚Ä¶"
31,Anotherone92,"@arkiii7777 @registaco Tapi faktanya ‚Äúpitch invader‚Äù datang bukan utk merusuh melainkan berpelukan dan menyalami pemain, sementara pemain persebaya sudah masuk ruang ganti, tapi dibalas dengan tindakan represif aparat."
32,KilatSecepat,"RT @joe_bon_two: @CNNIndonesia Gas air mata itulah kesalahan nya kebiasaan represif thd kritik Rakyat, kali ini ga bisa diredam, terlihat D‚Ä¶"
33,baraja_d,"RT @joe_bon_two: @CNNIndonesia Gas air mata itulah kesalahan nya kebiasaan represif thd kritik Rakyat, kali ini ga bisa diredam, terlihat D‚Ä¶"
34,djoni_lingooosp,"RT @sendalkolah: @prastow @sofiesyarief Maaf pak, kalau ada mungkin pernyataan dari presiden yg mengomentari institusi terkait tragedi Kanj‚Ä¶"
35,warm_jack,"RT @Wadas_Melawan: GEMPA DEWA TURUT BERDUKA CITA ATAS TRAGEDI KANJURUHAN

Tragedi di Kanjuruhan mengingatkan kami pada tindakan represif ap‚Ä¶"
36,saimo_mlg_raya,"RT @Wadas_Melawan: GEMPA DEWA TURUT BERDUKA CITA ATAS TRAGEDI KANJURUHAN

Tragedi di Kanjuruhan mengingatkan kami pada tindakan represif ap‚Ä¶"
37,kiki_deimos,"RT @Wadas_Melawan: GEMPA DEWA TURUT BERDUKA CITA ATAS TRAGEDI KANJURUHAN

Tragedi di Kanjuruhan mengingatkan kami pada tindakan represif ap‚Ä¶"
38,lordtoro123,"@madabakhladev @rizki_andrea87 @AremafcOfficial Sepurane pisan lak tulisanku rodok keras pisan, tapi elingo manajemen iku yo bagian dari aremania alias dulur. Mereka bisa lepas tangan saat kondisi susah ngene, faktane kan nggak. Musuh kita federasi bobrok &amp; aparat represif, bukan saudara sendiri sam."
39,sambudi_99,"RT @Wadas_Melawan: GEMPA DEWA TURUT BERDUKA CITA ATAS TRAGEDI KANJURUHAN

Tragedi di Kanjuruhan mengingatkan kami pada tindakan represif ap‚Ä¶"
40,Rully_Suhawi,@OposisiCerdas Gas air mata kemudian aparat yg represif timbul kepanikan terjadilah tragedi
41,harimanjr_14,"@dede_dedot96 @meynastitiw Pintar nemen sampeyan mas gawe narasi?  Indonesia kui dudu Arema thu Cuk,. Lha jelas¬≤ ono suporter mlebhu lapangan gebuk pemain kok, Dasar Pekok. Salah emang yen aparat keamanan bertindak terlalu represif tapi semua ada penyebabnya, intine Suporter dan Aparat sama¬≤ salah,"
42,Mayonkforall1,"RT @SyaikhuMochtar: @okkymadasari Itulah faktanya, tampak jelas stlh masuknya orang iniüëádan Tito sbg kapolrinya. Aparat sangat represif thd‚Ä¶"
43,onlymaswahyuu,"RT @Wadas_Melawan: GEMPA DEWA TURUT BERDUKA CITA ATAS TRAGEDI KANJURUHAN

Tragedi di Kanjuruhan mengingatkan kami pada tindakan represif ap‚Ä¶"
44,SyaikhuMochtar,"@Mencaricinta99 @azumi_tsuyoshie Sejak org iniüëámasuk, dan tito sbg kapolrinya, aparat sangat represif. https://t.co/W4A3OMUDbg"
45,Si_kool,"RT @Wadas_Melawan: GEMPA DEWA TURUT BERDUKA CITA ATAS TRAGEDI KANJURUHAN

Tragedi di Kanjuruhan mengingatkan kami pada tindakan represif ap‚Ä¶"
46,idntimes,Dede Yusuf sayangkan sikap represif aparat https://t.co/BZoJN6NqbH
47,EgiIraw,"RT @Wadas_Melawan: GEMPA DEWA TURUT BERDUKA CITA ATAS TRAGEDI KANJURUHAN

Tragedi di Kanjuruhan mengingatkan kami pada tindakan represif ap‚Ä¶"
48,purap_rhuzny,"RT @Wadas_Melawan: GEMPA DEWA TURUT BERDUKA CITA ATAS TRAGEDI KANJURUHAN

Tragedi di Kanjuruhan mengingatkan kami pada tindakan represif ap‚Ä¶"
49,Taufiq64552192,"RT @Wadas_Melawan: GEMPA DEWA TURUT BERDUKA CITA ATAS TRAGEDI KANJURUHAN

Tragedi di Kanjuruhan mengingatkan kami pada tindakan represif ap‚Ä¶"
50,WongIndonesiaOK,"RT @Wadas_Melawan: GEMPA DEWA TURUT BERDUKA CITA ATAS TRAGEDI KANJURUHAN

Tragedi di Kanjuruhan mengingatkan kami pada tindakan represif ap‚Ä¶"
51,FNKSDA,"RT @Wadas_Melawan: GEMPA DEWA TURUT BERDUKA CITA ATAS TRAGEDI KANJURUHAN

Tragedi di Kanjuruhan mengingatkan kami pada tindakan represif ap‚Ä¶"
52,AgusSud22579681,"@alisyarief Keadaan awalnya kondusif,lalu aparat dengan represif mengusir suporter yg di lapangan,dgn ditendang dipentungin diinjak,itulah awal kemarahan yg lain,sehingga terjadi pembunuhan masal ini,"
53,sendalkolah,"@prastow @sofiesyarief Maaf pak, kalau ada mungkin pernyataan dari presiden yg mengomentari institusi terkait tragedi Kanjuruhan, bisa diupload. Krna sejauh ini, dari video dan foto di medsos memperlihatkan aparat yg represif (menembaki) tribun.. Dan jadi 'tempat' para korban."
54,dwitama_k,"RT @Wadas_Melawan: GEMPA DEWA TURUT BERDUKA CITA ATAS TRAGEDI KANJURUHAN

Tragedi di Kanjuruhan mengingatkan kami pada tindakan represif ap‚Ä¶"
55,aralicka,"RT @Wadas_Melawan: GEMPA DEWA TURUT BERDUKA CITA ATAS TRAGEDI KANJURUHAN

Tragedi di Kanjuruhan mengingatkan kami pada tindakan represif ap‚Ä¶"
56,joe_bon_two,"@CNNIndonesia Gas air mata itulah kesalahan nya kebiasaan represif thd kritik Rakyat, kali ini ga bisa diredam, terlihat Dunia international, mereka pun udah mengamati lama kejamnya aparat di era rezim ini ... Pembunuh !"
57,danang_kus,"RT @Wadas_Melawan: GEMPA DEWA TURUT BERDUKA CITA ATAS TRAGEDI KANJURUHAN

Tragedi di Kanjuruhan mengingatkan kami pada tindakan represif ap‚Ä¶"
58,gatutyp,"RT @mojokdotco: ""Kasus di Kanjuruhan menunjukkan justru pendekatan represif yang dikedepankan (aparat). Penggunaan pentungan, penggunaan ga‚Ä¶"
59,adiasik2007,"RT @Wadas_Melawan: GEMPA DEWA TURUT BERDUKA CITA ATAS TRAGEDI KANJURUHAN

Tragedi di Kanjuruhan mengingatkan kami pada tindakan represif ap‚Ä¶"
60,riri03435056,"RT @Wadas_Melawan: GEMPA DEWA TURUT BERDUKA CITA ATAS TRAGEDI KANJURUHAN

Tragedi di Kanjuruhan mengingatkan kami pada tindakan represif ap‚Ä¶"
61,Rayzan42561900,"RT @Wadas_Melawan: GEMPA DEWA TURUT BERDUKA CITA ATAS TRAGEDI KANJURUHAN

Tragedi di Kanjuruhan mengingatkan kami pada tindakan represif ap‚Ä¶"
62,inspektursenam,"RT @Wadas_Melawan: GEMPA DEWA TURUT BERDUKA CITA ATAS TRAGEDI KANJURUHAN

Tragedi di Kanjuruhan mengingatkan kami pada tindakan represif ap‚Ä¶"
63,Suroso60592134,"RT @Wadas_Melawan: GEMPA DEWA TURUT BERDUKA CITA ATAS TRAGEDI KANJURUHAN

Tragedi di Kanjuruhan mengingatkan kami pada tindakan represif ap‚Ä¶"
64,jendelaangkot21,"RT @Wadas_Melawan: GEMPA DEWA TURUT BERDUKA CITA ATAS TRAGEDI KANJURUHAN

Tragedi di Kanjuruhan mengingatkan kami pada tindakan represif ap‚Ä¶"
65,SatuhatiCoffee,"RT @Wadas_Melawan: GEMPA DEWA TURUT BERDUKA CITA ATAS TRAGEDI KANJURUHAN

Tragedi di Kanjuruhan mengingatkan kami pada tindakan represif ap‚Ä¶"
66,jogjaistimewaya,"RT @Wadas_Melawan: GEMPA DEWA TURUT BERDUKA CITA ATAS TRAGEDI KANJURUHAN

Tragedi di Kanjuruhan mengingatkan kami pada tindakan represif ap‚Ä¶"
67,mas_dab,"RT @Wadas_Melawan: GEMPA DEWA TURUT BERDUKA CITA ATAS TRAGEDI KANJURUHAN

Tragedi di Kanjuruhan mengingatkan kami pada tindakan represif ap‚Ä¶"
68,faridgaban,"RT @Wadas_Melawan: GEMPA DEWA TURUT BERDUKA CITA ATAS TRAGEDI KANJURUHAN

Tragedi di Kanjuruhan mengingatkan kami pada tindakan represif ap‚Ä¶"
69,badir03,"RT @Wadas_Melawan: GEMPA DEWA TURUT BERDUKA CITA ATAS TRAGEDI KANJURUHAN

Tragedi di Kanjuruhan mengingatkan kami pada tindakan represif ap‚Ä¶"
70,ArRayah43832329,"RT @AferoJepara: Buktinya aman kondusif, tanpa pengamanan, tanpa gas air mata, tanpa water canon, tanpa tendang pukul represif. Semoga beri‚Ä¶"
71,Julian51758164,"RT @AferoJepara: Buktinya aman kondusif, tanpa pengamanan, tanpa gas air mata, tanpa water canon, tanpa tendang pukul represif. Semoga beri‚Ä¶"
72,NovantoEga,"RT @Wadas_Melawan: GEMPA DEWA TURUT BERDUKA CITA ATAS TRAGEDI KANJURUHAN

Tragedi di Kanjuruhan mengingatkan kami pada tindakan represif ap‚Ä¶"
73,bon_nugroho,"RT @Wadas_Melawan: GEMPA DEWA TURUT BERDUKA CITA ATAS TRAGEDI KANJURUHAN

Tragedi di Kanjuruhan mengingatkan kami pada tindakan represif ap‚Ä¶"
74,iwanalidarmawan,"RT @Wadas_Melawan: GEMPA DEWA TURUT BERDUKA CITA ATAS TRAGEDI KANJURUHAN

Tragedi di Kanjuruhan mengingatkan kami pada tindakan represif ap‚Ä¶"
75,widhisetyok,"RT @Wadas_Melawan: GEMPA DEWA TURUT BERDUKA CITA ATAS TRAGEDI KANJURUHAN

Tragedi di Kanjuruhan mengingatkan kami pada tindakan represif ap‚Ä¶"
76,134Hf,"RT @Wadas_Melawan: Belum juga tindakan tersebut diusut tuntas, aparat telah kembali melakukan tindakan represif yang sangat kejam terhadap‚Ä¶"
77,134Hf,"RT @Wadas_Melawan: GEMPA DEWA TURUT BERDUKA CITA ATAS TRAGEDI KANJURUHAN

Tragedi di Kanjuruhan mengingatkan kami pada tindakan represif ap‚Ä¶"
78,bgsatsss,"RT @Wadas_Melawan: GEMPA DEWA TURUT BERDUKA CITA ATAS TRAGEDI KANJURUHAN

Tragedi di Kanjuruhan mengingatkan kami pada tindakan represif ap‚Ä¶"
79,Pur_N4M4,"RT @Wadas_Melawan: Belum juga tindakan tersebut diusut tuntas, aparat telah kembali melakukan tindakan represif yang sangat kejam terhadap‚Ä¶"
80,Martoyo81Sri,"RT @Wadas_Melawan: GEMPA DEWA TURUT BERDUKA CITA ATAS TRAGEDI KANJURUHAN

Tragedi di Kanjuruhan mengingatkan kami pada tindakan represif ap‚Ä¶"
81,Pur_N4M4,"RT @Wadas_Melawan: GEMPA DEWA TURUT BERDUKA CITA ATAS TRAGEDI KANJURUHAN

Tragedi di Kanjuruhan mengingatkan kami pada tindakan represif ap‚Ä¶"
82,analogimontel,"RT @Wadas_Melawan: GEMPA DEWA TURUT BERDUKA CITA ATAS TRAGEDI KANJURUHAN

Tragedi di Kanjuruhan mengingatkan kami pada tindakan represif ap‚Ä¶"
83,arriveshuu13,"RT @Wadas_Melawan: GEMPA DEWA TURUT BERDUKA CITA ATAS TRAGEDI KANJURUHAN

Tragedi di Kanjuruhan mengingatkan kami pada tindakan represif ap‚Ä¶"
84,BadoetSoelap_,"RT @Wadas_Melawan: GEMPA DEWA TURUT BERDUKA CITA ATAS TRAGEDI KANJURUHAN

Tragedi di Kanjuruhan mengingatkan kami pada tindakan represif ap‚Ä¶"
85,Amin_Hammers,"RT @Wadas_Melawan: GEMPA DEWA TURUT BERDUKA CITA ATAS TRAGEDI KANJURUHAN

Tragedi di Kanjuruhan mengingatkan kami pada tindakan represif ap‚Ä¶"
86,KerutKening,"RT @Wadas_Melawan: GEMPA DEWA TURUT BERDUKA CITA ATAS TRAGEDI KANJURUHAN

Tragedi di Kanjuruhan mengingatkan kami pada tindakan represif ap‚Ä¶"
87,knzaky19,"@zacky_enf @zulhillmii @EddinAchmad @ekowboy2 Tindakan aparat yang justru berlaku represif sama sekali tidak dapat dibenarkan, apalagi tindakan mereka tidak sampai memperhitungkan akibat yang bakal ditimbulkan oleh tindakan tersebut. Polisi gagal memahami psikologi masa entah karena apa yg salah pada mereka."
88,Wadas_Melawan,"Kami GEMPADEWA turut berduka cita atas tragedi di stadion Kanjuruhan. Kami mengecam keras tindakan represif aparat terhadap para suporter dan menuntut pemerintah untuk mengusut tuntas tragedi tersebut.

#WadasMelawan
#WadasTolakTambang
#WadasKonsistenMelawan"
89,Wadas_Melawan,"Belum juga tindakan tersebut diusut tuntas, aparat telah kembali melakukan tindakan represif yang sangat kejam terhadap para suporter di Kanjuruhan yang mengakibatkan ratusan orang meninggal dunia. #WadasMelawan #KanjuruhanBerdukaCita"
90,Wadas_Melawan,"GEMPA DEWA TURUT BERDUKA CITA ATAS TRAGEDI KANJURUHAN

Tragedi di Kanjuruhan mengingatkan kami pada tindakan represif aparat terhadap warga Wadas tanggal 23 April 2021 dan 8 Februari 2022 lalu. 
#WadasMelawan
#WadasTolakTambang https://t.co/hInqWBtiV7"
91,Syamsud76579252,"RT @mojokdotco: ""Kasus di Kanjuruhan menunjukkan justru pendekatan represif yang dikedepankan (aparat). Penggunaan pentungan, penggunaan ga‚Ä¶"
92,deepfriedmf,"@TimpalBali Ngobrolin runtuhnya rezim era orde baru, memecahkan misteri kasus sambo n the gang, menganalisis tindakan represif n kekerasan aparat.

Choose 1"
93,75_pejuang,"@OposisiCerdas Tragedi terjadi
1,aparat yg represif
2, overload penonton
3,larangan gas air mata masuk ke stadion
4, Panpel yg krg profesional
5,stadion di bawah standar FIFA,,,
Mari bersama"" kita evaluasi dan perbaiki...
Yg salah gak usah berdalih,minta maaf dan siap sanksi atau mudur.."
94,AferoJepara,"Buktinya aman kondusif, tanpa pengamanan, tanpa gas air mata, tanpa water canon, tanpa tendang pukul represif. Semoga berikutnya Aparat humanis. Aaaaamiiin ü§≤ https://t.co/vgoQpyGDOS"
95,pseudokata,"RT @mojokdotco: ""Kasus di Kanjuruhan menunjukkan justru pendekatan represif yang dikedepankan (aparat). Penggunaan pentungan, penggunaan ga‚Ä¶"
96,kuroimugen,RT @MachelLoLe: @PolJokesID Tapi sayang wktu itu aparat ngiranya the jak mania mulai rusuh dan ga kondusif krna yg tadinya cuman puluhan or‚Ä¶
97,Azhari89456519,"@Stevaniehuangg Problemnya gas air mata dan aparat represif. Kalau memakai kacamata teori konspirasi bisa lebih jauh lagi. Sebaiknya aparat memakai pendekatan manusiawi, kasih sayang."
98,oldestseagull,"RT @mojokdotco: ""Kasus di Kanjuruhan menunjukkan justru pendekatan represif yang dikedepankan (aparat). Penggunaan pentungan, penggunaan ga‚Ä¶"
99,chairuddinanwar,"RT @mojokdotco: ""Kasus di Kanjuruhan menunjukkan justru pendekatan represif yang dikedepankan (aparat). Penggunaan pentungan, penggunaan ga‚Ä¶"
100,mojokdotco,"""Kasus di Kanjuruhan menunjukkan justru pendekatan represif yang dikedepankan (aparat). Penggunaan pentungan, penggunaan gas air mata yang sudah jelas dilarang FIFA ternyata justru masih digunakan.‚Äù - Pengamat UGM. #Terbaru #Kilas https://t.co/8YMMCMSFPB"
101,kuroimugen,"RT @antihumanis: Tragedi Kanjuruhan membuka mata kita pada realitas militeristik yg begitu mengerikan. Di samping itu, terlihat juga kerjas‚Ä¶"
102,love_kadrun,"@geloraco Banyak Pak:
1. Kelebihan kapasitas
2. Waktu kick off yg nyeleneh
3. Penembakan gas air mata yg amat sangat ngawur sekali
4. Pintu dikunci, bukan terkunci
5. Aparat represif
Evaluasi kabeh Pak, jangan hanya pintu dan tangga curam"
103,apepramadhan,"@liriksoe Karena aparat tau hal yg dilakukan bukan represif tapi berusaha membuat tenang suporter. Apalagi suporter sama sekali ga berusaha bikin aparatnya marah disana. Jadi tenang aja gitu toh yg rusak diganti, yg nyaman aman gada hilang karena harus bentrok"
104,luqmannurzen,"@Miduk17 kalau bukan ahlinya tidak usah komentar, dikasih pintu 100pun kalau aparat represif ya ttp banyak korban"
105,SyarifYipp,"RT @opposite090l92: Narasi yg menyalahkan fanatisme, konflik antar supporter jelas keliru. Penggunaan Gas Air mata lah penyebab utama kepan‚Ä¶"
106,aladinmovic2000,"RT @hipohan: Ingin Wakanda spt era King Mukidi, spt banyak utang, hukum lemah, KPK jd alat politik, aparat represif, bangun istana tak perl‚Ä¶"
107,Hadiansyah97,@detikcom Indonesia emang ngeri bet dari dulu. Aparatnya represif abis. Tinggal masalah waktu sampe mereka nembakin protester negara kayak aparat Myanmar
108,fnursyamsi,"Kayanya Pak Presiden harus belajar dari advokasi disabilitas. Jangan sampai manusia kehilangan nyawa, perilaku represif aparat, dan institusi yang ga mau bertanggungjawab jadi kenormalan. Apa yang diputuskan hari ini akan jadi preseden di masa mendatang. Hati hati Pak Presiden."
109,VieSariBasriah,"RT @opposite090l92: Narasi yg menyalahkan fanatisme, konflik antar supporter jelas keliru. Penggunaan Gas Air mata lah penyebab utama kepan‚Ä¶"
110,BangPanda1,"RT @bachrum_achmadi: Menghadapi pendemo aparat represif. Menghadapi suporter sepak bola aparat represif &amp; gegabah.

Menghadapi 6 laskar FPI‚Ä¶"
111,andi_achilles,"RT @SyaikhuMochtar: @okkymadasari Itulah faktanya, tampak jelas stlh masuknya orang iniüëádan Tito sbg kapolrinya. Aparat sangat represif thd‚Ä¶"
112,mdin_anfield,"RT @bachrum_achmadi: Menghadapi pendemo aparat represif. Menghadapi suporter sepak bola aparat represif &amp; gegabah.

Menghadapi 6 laskar FPI‚Ä¶"
113,depodIGHIN,RT @medioclubID: 6. Menjamin tidak akan terulangnya kembali tindakan represif aparat keamanan terhadap penanganan kerumunan suporter di dal‚Ä¶
114,foodie_id,"RT @Loseruprising: Chile, sudah bergejolak selama beberapa tahun terakhir dampak dari kebijakan dan respon aparat keamanan yg represif untu‚Ä¶"
115,Yannas27,RT @EC23_SRKTNS: Ini hanya pertandingan sepakbola bukan ajang genosida. Engineering Class 1923 bersikap dalam lingkup tindakan represif apa‚Ä¶
116,iwicby,RT @medioclubID: 6. Menjamin tidak akan terulangnya kembali tindakan represif aparat keamanan terhadap penanganan kerumunan suporter di dal‚Ä¶
117,bocorr_alush,RT @medioclubID: 6. Menjamin tidak akan terulangnya kembali tindakan represif aparat keamanan terhadap penanganan kerumunan suporter di dal‚Ä¶
118,RizaldyIlham5,RT @EC23_SRKTNS: Ini hanya pertandingan sepakbola bukan ajang genosida. Engineering Class 1923 bersikap dalam lingkup tindakan represif apa‚Ä¶
119,YudiAnantha,"@gungdenanta judul artikel:

""Yuk kenalan dengan anggota aparat-satwa divisi k-9, anggota aparat yang tidak pernah mengintimidasi, represif dan paling dipercaya oleh masyarakat umum"" https://t.co/u20cw0YQvn"
120,pomegranadeee,RT @NarasiNewsroom: Langkah represif aparat keamanan berupa penyiraman gas air mata membuat suporter panik. https://t.co/71NBHFczOB
121,Awibowo__,"@Metro_TV Anjenk‚Ä¶malah infrastukture di salahkan, di otaknya proyek infrastrukture mulu..pak presiden, itu sikap aparat yg represif yg sengaja menembakan gas air mata ga ente sebutkan..parah emang lo @AremafcOfficial #UsutTuntas"
122,RizalVictor3,"RT @bachrum_achmadi: Menghadapi pendemo aparat represif. Menghadapi suporter sepak bola aparat represif &amp; gegabah.

Menghadapi 6 laskar FPI‚Ä¶"
123,AlfFina22,"RT @bachrum_achmadi: Menghadapi pendemo aparat represif. Menghadapi suporter sepak bola aparat represif &amp; gegabah.

Menghadapi 6 laskar FPI‚Ä¶"
124,fuck5y4,"Bagaimana dengan fenomena Pitch Invasion lainnya? Di Bandung, bahkan di Manchester sekalipun? Ya jelas kita melihat perbedaan nya bahwa disana tidak ada korban jiwa. Mengapa? Sebab minimnya tindakan represif dari aparat setempat dan tidak ditembakannya gas air mata"
125,mynamebabypanda,"Aparat dituduh represif terus, kita suporter gapernah instropeksi, kalah dikit ngamuk. Susah juga, dikit dikit ricuh, akui lah. Kalo udah kejadian kemudian digebukin ya represif jelas karna sudah terjadi masalahnya. Suporter yg hrs punya akhlak baik,m https://t.co/zdKc9qUWTq"
126,Bintang061976,"Tragedi kanjuruhan menunjukkan tindakan represif aparat dlm menangani kerusuhan. Membunuh satu jiwa saja sama dg membunuh manusia seluruhnya. Apatah ini ratusan jiwa melayang?!? 
Serba serbi MMC 
#IslamKaffah
https://t.co/raqRJk7vpj"
127,loh_heehhh,"@Nekareanemesis @dhemizzz @sugeng_geng99 @inlaander_ @bayuukukuhh @athya_ Justru ini jadi 'stimulan' bagi orang2 yg sudah amat sangat muak dengan tingkah laku aparat. Ditambah tragedi yg menyebabkan 187 nyawa hilang, yg semuanya karena tindakan represif aparat. Keyakinan saya tidak berubah, begitupun mas. Rasanya gaada yg perlu di bahas lagiüôè"
128,Butonesia,"RT @opposite090l92: Narasi yg menyalahkan fanatisme, konflik antar supporter jelas keliru. Penggunaan Gas Air mata lah penyebab utama kepan‚Ä¶"
129,hadifianwidjaja,@oombayum @veroaktivis @clovlea @CNNIndonesia Maka-nya kalau sudah ribuan merangsek ke Lapangan dan sudah mengejar dan memukul pemain = sudah harus di represif aparat keamanan
130,hadijah2007,"Aparat yg kelewat represif klu ky gini,,,JAHAT banget sm RAKYAT sendiri!!

https://t.co/QlFDjNZmeD"
131,rbs_story,"RT @AmirDemokrat: Penggunaan bom asap dlm pertandingan sepak bola dilarang FIFA. Namun, aparat tetap menggunakan. Perlakuan aparat yg repre‚Ä¶"
132,pemaingaladesa,"@jayapuraupdate kejadian yg terdekat aja bang, kasus d sidoarjo sblm ini...apa aparat represif ?? nggak kan...sama¬≤ Jawa Timurnya lho, ada keperluan apa bikin chaos Malang üò¢üò¢"
133,hanggers,"Hmmm...gmn ya ngmgnya..
Sepakbola jelas butuh evaluasi total

Tapi jangan lupa..kmrn yg salah ya krn manajemen penanganan aksi TIDAK TEPAT, lbh karena tindakan represif aparat.
Itu dulu yg hrs ditindak sih, baru evaluasi ke sepakbolanya https://t.co/mBafC776uy"
134,RindiAn42455774,RT @medioclubID: 6. Menjamin tidak akan terulangnya kembali tindakan represif aparat keamanan terhadap penanganan kerumunan suporter di dal‚Ä¶
135,DianPSid,"Ratusan nyawa melayang tsb akibat tindakan represif aparat keamanan yg tembakn gas air mata, Sob. Kok gini ya sama rakyat sndri. 

Tragedi Kanjuruhan
Serba-serbi MMC    
#Islamkaffah
https://t.co/CNAkKhbzEX"
136,ErickConstant14,"RT @yo2thok: Akibat perlakuan represif tersebut sontak suporter lainnya turun ikut membantu kawan2nya, Aparat keamanan berhasil memukul mun‚Ä¶"
137,Pur_N4M4,RT @pribumi_org: Bakal dikucilkan dunia persepakbolaan akibat tingkah represif arogan aparat polisi
138,novsky2000,@KompasTV Mau Dikader jadi aparat represif?
139,JagoanN63511868,RT @medioclubID: 6. Menjamin tidak akan terulangnya kembali tindakan represif aparat keamanan terhadap penanganan kerumunan suporter di dal‚Ä¶
140,huseinmsw1,"RT @choymarkochoy: Kami tahu aremania, 
Represif dari aparat yg perlu dipertanyakan

Salah satu korban yg sempat kami temui

#PrayForKanjur‚Ä¶"
141,fariz_chamim,RT @medioclubID: 6. Menjamin tidak akan terulangnya kembali tindakan represif aparat keamanan terhadap penanganan kerumunan suporter di dal‚Ä¶
142,IcritCenter,"@Bramzz14 @bukitalami @Yudhamaru @catchmeupid IMO, mungkin cara pendekatan aparat selama ini kurang tepat. Penjagaan mereka lebih ke represif dan keras. Sangat rawan menyulut emosi penonton lain. Mungkin dengan tim keamanan non aparat jadi lebih bikin tenang."
143,nasi_bubur18,"@OngisnadeNet @cokro_tv Ada 3.kesalahan dlm tragedi tsb
1. Provokator suporter berbaju hitam memancing kwn¬≤ny ikut masuk
2. Aksi represif aparat menembakan gas air mata ke tribun
3. Panitia pertandingan tidak membuka pintu keluar."
144,Mr_Ladusingh,"@azvinl @mbaupeh Kata kunci
Paket Kumpulan Massa dan Even besar.
Konser Pun banyak sejarahnya Rusuh

Metallica 1993 Lebak Bulus (Saya ikut Nonton kelas 3 SMP), rusuh dr mulai dalam stadion hingga berdampak radius 2km dr stadion. Tapi NOL korban Jiwa. Kok bisa?
Karna Aparat tdk represif, ABRI."
145,ReizaAditya2,"@detikcom @mohmahfudmd kamu cuma nyari pembenaran, atas kelakuan represif aparat, korban wanita hingga anak anak hilang nyawa."
146,OfficialYoga27,RT @medioclubID: 6. Menjamin tidak akan terulangnya kembali tindakan represif aparat keamanan terhadap penanganan kerumunan suporter di dal‚Ä¶
147,gideonandi,RT @medioclubID: 6. Menjamin tidak akan terulangnya kembali tindakan represif aparat keamanan terhadap penanganan kerumunan suporter di dal‚Ä¶
148,aku_darjo,"Dugaan pelanggaran prosedur oleh aparat keamanan saat Tragedi Kanjuruhan menguat. Bahkan ada yang mengaku melihat aparat melakukan tindakan represif sampai menghalangi suporter melakukan evakuasi.

Selengkapnya Klik link dibawah ini

https://t.co/uOXqq3IyQy"
149,rpnn13,"RT @choymarkochoy: Kami tahu aremania, 
Represif dari aparat yg perlu dipertanyakan

Salah satu korban yg sempat kami temui

#PrayForKanjur‚Ä¶"
150,_zazann,RT @SOLVEGLIARE1976: Selanjutnya hal yg masih harus kita perjuangkan bersama adalah keadilan bagi para korban kepada federasi atas bobrokny‚Ä¶
151,ketoprak_telur,RT @SOLVEGLIARE1976: Selanjutnya hal yg masih harus kita perjuangkan bersama adalah keadilan bagi para korban kepada federasi atas bobrokny‚Ä¶
152,SOLVEGLIARE1976,"Selanjutnya hal yg masih harus kita perjuangkan bersama adalah keadilan bagi para korban kepada federasi atas bobroknya sistem pengelolaan liga, dan aparat atas tindakan represif dalam tragedi Kanjuruhan. Jangan padam, saling jaga kawan dalam barisan. #UsutTuntasTragediKanjuruhan"
153,AgusAgu00819551,"Beladiri apa nya wong suporter tdk melakukan penyerangan, justru aparat melakukan tindakan sangat kejam dan represif, yg jls dunia sdh melihat kebrutalan aparat busuk tsb. https://t.co/sI4n449IeR"
154,jakfarshodikbmi,"Penggunaan bom asap dlm pertandingan sepak bola dilarang FIFA. Namun, aparat tetap menggunakan. Perlakuan aparat yg represif harus dievaluasi. #DemokratKawalPerubahan AHY Peduli Rakyat https://t.co/CYYrMu31hU"
155,chicham_,"RT @choymarkochoy: Kami tahu aremania, 
Represif dari aparat yg perlu dipertanyakan

Salah satu korban yg sempat kami temui

#PrayForKanjur‚Ä¶"
156,whattodoto,"RT @choymarkochoy: Kami tahu aremania, 
Represif dari aparat yg perlu dipertanyakan

Salah satu korban yg sempat kami temui

#PrayForKanjur‚Ä¶"
157,El__Maalik,@Berry_Amans @CNNIndonesia Mas emg gk ada yg rusuh mas ‚òπÔ∏è kedua suporter yg turun hanya memeluk pemain. Kericuhan trjadi karena melihat aparat melakukan tindakan represif trhdp 2 suporter tsb. Pola usang ini sebenarnya sudah pernah terjadi bahkan di inggris sekalipun agar tensi rivalitas mkin tinggi.
158,kttorro,"@tijabar video kesaksian diatas bs dkmbangkan u/ investigasi, saat stlh selesai prtandingan arema vs persija, vs persib pndukung masuk lapangan u/bersalamn &amp; foto brsama, kok ini malah jd rusuh, kira2 apa yg memicu kerusuhan,  penonton? aparat yg represif dgn tindakan &amp; gas airmatanya?"
159,M3339uruu,"RT @nocontextsleman: Begitupun tindakan represif aparat; Polisi; Militer harus di selesaikan, usut tuntas dari akar. Bawa ke pengadilan. Pe‚Ä¶"
160,alfonsusabim,RT @medioclubID: 6. Menjamin tidak akan terulangnya kembali tindakan represif aparat keamanan terhadap penanganan kerumunan suporter di dal‚Ä¶
161,prayoga_utomo,RT @medioclubID: 6. Menjamin tidak akan terulangnya kembali tindakan represif aparat keamanan terhadap penanganan kerumunan suporter di dal‚Ä¶
162,AndifaizalAbd,@BennyHarmanID @JaeKodok Mslhx plt kepala daerah katax boleh dri militer dan polisi artix back to orde baru dan rentang KKN. Yakinlah civil supreme and civil society sulit turwujud. Thn2 akan dtg kita akan disuguhi tindakan represif aparat pd rakyat.
163,dorokdoklezat,Dede Yusuf Pertanyakan Tindakan Represif Aparat di Tragedi Kanjuruhan https://t.co/Qg4mfSjYgu
164,BangJalang,"RT @khandamu69: MASUK AKAL
Kronologisnya setelah pemain Persebaya masuk ruang ganti, Pemain AREMA berkumpul ditengah utk minta maaf, 2 oran‚Ä¶"
165,BilalMu58239173,"Gas air mata VS Air mata anak bangsa. 
Represif aparat berakibat aremania berujung sekarat. 
 
#PrayForKanjuruhan 
#UsutTuntasTragediKanjuruhan 
#polisimembunuhmu 
#PolisiSemakinBrutal 
#revolusinasional"
166,pantau_com,PBHI Kecam Pendekatan Represif Aparat dalam Tragedi Kanjuruhan https://t.co/uBPEcmFngc
167,fathur_omen,RT @medioclubID: 6. Menjamin tidak akan terulangnya kembali tindakan represif aparat keamanan terhadap penanganan kerumunan suporter di dal‚Ä¶
168,nandakurniaff,"@kalan_ndra Tidak ada pembelaan sebenarnya kang. Tapi hanya memberi beberapa sudut pandang. Tindakan dan respon aparat yg represif juga jadi pemicu perlawanan. Kalau semua mengacu pada kata ""Jika"", ""Andai"", dan sebagainya, mungkin lebih baik tidak ada pertandingan sama sekali. üôè"
169,pribumi_org,Bakal dikucilkan dunia persepakbolaan akibat tingkah represif arogan aparat polisi https://t.co/32D68Udz7H
170,Faripratamaas,RT @medioclubID: 6. Menjamin tidak akan terulangnya kembali tindakan represif aparat keamanan terhadap penanganan kerumunan suporter di dal‚Ä¶
171,teguhmf303,RT @medioclubID: 6. Menjamin tidak akan terulangnya kembali tindakan represif aparat keamanan terhadap penanganan kerumunan suporter di dal‚Ä¶
172,masdyasri2,"RT @bachrum_achmadi: Menghadapi pendemo aparat represif. Menghadapi suporter sepak bola aparat represif &amp; gegabah.

Menghadapi 6 laskar FPI‚Ä¶"
173,osmanbwy,"RT @AmirDemokrat: Penggunaan bom asap dlm pertandingan sepak bola dilarang FIFA. Namun, aparat tetap menggunakan. Perlakuan aparat yg repre‚Ä¶"
174,GusRachmat,RT @senopatimgl: @MCAOps Lelah melihat semua kengerian dan ketidak Adilan kini. Kami yang di Katai kadrun udah sering teriak aparat yg repr‚Ä¶
175,goseolcom,Dede Yusuf Pertanyakan Tindakan Represif Aparat di Tragedi¬†Kanjuruhan https://t.co/mKmGFEuM6Y
176,atmajas91,RT @medioclubID: 6. Menjamin tidak akan terulangnya kembali tindakan represif aparat keamanan terhadap penanganan kerumunan suporter di dal‚Ä¶
177,Beni01876766,@abu_waras @ListyoSigitP Suporter memang masuk kelapangan.  Tp aparat keamanan represif sehingga terjadi pemukulan.  Temen2 yg melihat temannya disiksa makin tidak terima.  Dikarenakan kebencian masyarakat terhadap kasus sambo.  Maka suporter makin bernafsu untuk menghajar polisi.ini analisa looh
178,Qi_Mardia,"RT @yo2thok: Kronologisnya setelah pemain Persebaya masuk ruang ganti, Pemain AREMA berkumpul ditengah utk minta maaf, 2 orang masuk lapang‚Ä¶"
179,lambesauruss,RT @medioclubID: 6. Menjamin tidak akan terulangnya kembali tindakan represif aparat keamanan terhadap penanganan kerumunan suporter di dal‚Ä¶
180,Kopi_kesunyian,RT @senopatimgl: @MCAOps Lelah melihat semua kengerian dan ketidak Adilan kini. Kami yang di Katai kadrun udah sering teriak aparat yg repr‚Ä¶
181,Beritabaruco,BEM SI Jatim Sebut Aparat Terlalu Represif terhadap Penanganan Massa di Tragedi Kanjuruhan https://t.co/wdyVZiElpC #Daerah #BEMSIJatim #BeritaBaru #BeritaBaruJatim #BeritaJatim https://t.co/BcJSV0sbfy
182,ItemCemut,"RT @yo2thok: Kronologisnya setelah pemain Persebaya masuk ruang ganti, Pemain AREMA berkumpul ditengah utk minta maaf, 2 orang masuk lapang‚Ä¶"
183,f1rmanh,RT @senopatimgl: @MCAOps Lelah melihat semua kengerian dan ketidak Adilan kini. Kami yang di Katai kadrun udah sering teriak aparat yg repr‚Ä¶
184,hammingbirdfly,RT @senopatimgl: @MCAOps Lelah melihat semua kengerian dan ketidak Adilan kini. Kami yang di Katai kadrun udah sering teriak aparat yg repr‚Ä¶
185,Lek_Kopral,"@MuhammadEmhA5 @Wwwinnnnn1 Diawalai Sejak demo pilpres, tindakan represif aparat slelau menyalahkan korban dan tidak ada empati kepada korban"
186,faisalramdani23,RT @medioclubID: 6. Menjamin tidak akan terulangnya kembali tindakan represif aparat keamanan terhadap penanganan kerumunan suporter di dal‚Ä¶
187,Sjaechu,"RT @SyaikhuMochtar: @okkymadasari Itulah faktanya, tampak jelas stlh masuknya orang iniüëádan Tito sbg kapolrinya. Aparat sangat represif thd‚Ä¶"
188,ezararvi,"RT @iqbalfprdana: @panditfootball Karena point dari tragedi ini adalah ""kematian"". Pahami konteks ini; kerusuhan di picu oleh 1-2 orang sup‚Ä¶"
189,2z5ss,RT @medioclubID: 6. Menjamin tidak akan terulangnya kembali tindakan represif aparat keamanan terhadap penanganan kerumunan suporter di dal‚Ä¶
190,diditdipta,RT @medioclubID: 6. Menjamin tidak akan terulangnya kembali tindakan represif aparat keamanan terhadap penanganan kerumunan suporter di dal‚Ä¶
191,xfreyliversykes,RT @medioclubID: 6. Menjamin tidak akan terulangnya kembali tindakan represif aparat keamanan terhadap penanganan kerumunan suporter di dal‚Ä¶
192,Zie1258,"@dede_dedot96 Aparat harusnya jangan bertindak represif, tp harus persuasip.. itu bisa memicu konflik bentrok antar aparat dan suporter"
193,FazdillahReza,"RT @audhinafh: Kadang2 yg bela aparat represif tu bukan buzzer, tp emang pekok aja"
194,Nicoadic,@Bejo189 @AndraLalilulelo @tvOneNews Lagian aremania turun tuh menyemangati. Rusuh terjadi ketika supporter yang turun digebukin kaya maling ayam. Ya inilah yang dimaksut dengan ngasih bensin. Aparat full armor menindak represif supporter yang gapake apa2. Api kecil digedein ya gini lah akhirnya kebakaran
195,earshut,@pangeransiahaan Asyyiiik.. nanti2 arema bisa rusuh lagi doong.. kan kalau aparat represif nanti yang d salahin aparatnya....
196,Racundunia128,RT @medioclubID: 6. Menjamin tidak akan terulangnya kembali tindakan represif aparat keamanan terhadap penanganan kerumunan suporter di dal‚Ä¶
197,AkangEman5,"RT @bachrum_achmadi: Menghadapi pendemo aparat represif. Menghadapi suporter sepak bola aparat represif &amp; gegabah.

Menghadapi 6 laskar FPI‚Ä¶"
198,arifkavindi,RT @medioclubID: 6. Menjamin tidak akan terulangnya kembali tindakan represif aparat keamanan terhadap penanganan kerumunan suporter di dal‚Ä¶
199,ivan_gendud,"RT @Ghifarikun1: @Sang_netral @mbaupeh @auroradiiceland Mereka yg rusuh karena melihat temannya mendapat tindakan represif oleh aparat, uda‚Ä¶"
200,Beritasatu,"Tragedi Kanjuruhan, Aremania Gugat Tindakan Represif Aparat https://t.co/XAm5zu2sFP"
201,Yani29865192,Sangat miris ya berulangnya kerusuhan dlm pertandingan sepak bola dan tragedi kanjuruhan ini menunjukkan tindakan represif aparat dlm menangani kerusuhan nampak pakai gas air mata padahal tdk d bolehkan dlm stadion #IslamKaffah simak video serba-serbi MMC https://t.co/jEqAuTeMzz
202,Pipelpawer165,"RT @RevolusiAkhlaq2: Bpk Kapolri yg terhormat, publik faham bahwa semua orang waras di Republik ini berdukacita atas terjadinya tragedi Kan‚Ä¶"
203,Evangeldewiy,"RT @opposite090l92: Narasi yg menyalahkan fanatisme, konflik antar supporter jelas keliru. Penggunaan Gas Air mata lah penyebab utama kepan‚Ä¶"
204,geordovanda,RT @medioclubID: 6. Menjamin tidak akan terulangnya kembali tindakan represif aparat keamanan terhadap penanganan kerumunan suporter di dal‚Ä¶
205,BersuaraInsan,"100+ nyawa melayang karena gas air mata dan represif aparat keamanan dan kita masih saja memperdebatkan yang salah suporter atau aparat?  

Mari kita ingat, tidak semua warga negara bisa menjadi bagian dari institusi keamanan negara, itu tandanya orang-orang tersebut adalah"
206,RickyNSas,RT @medioclubID: 6. Menjamin tidak akan terulangnya kembali tindakan represif aparat keamanan terhadap penanganan kerumunan suporter di dal‚Ä¶
207,medioclubID,"6. Menjamin tidak akan terulangnya kembali tindakan represif aparat keamanan terhadap penanganan kerumunan suporter di dalam stadion dengan melanggar berbagai peraturan perundang-undangan, khususnya implementasi Prinsip HAM.

#USUTTUNTAS #MC"
208,Malaqween,"Tragedi yg menunjukkan tindakan represif aparat dalam menangani kerusuhan yg terjadi di stadion kanjuruhan dengan berdalih menjaga keamanan masyarakat.
Bagaimana islam memandang hal tersebut? Simak video serba serbi MMC berikut
https://t.co/wFzuIOe52U

#IslamKaffah"
209,Malaqween,"Tragedi yg menunjukkan tindakan represif aparat dalam menangani kerusuhan yg terjadi di stadion kanjuruhan dengan berdalih menjaga keamanan masyarakat.
Bagaimana islam memandang hal tersebut? Simak video berikut
https://t.co/qhS1oZk9gD

#IslamKaffah"
210,ImamWah25258448,"@Stevaniehuangg Yang paling penting dari semuanya adalah keadilan buat korban.. buat keluarga korban.. 
Masyarakat indonesia pada umumnya baik dan pemaaf...
Dan jangan pernah terulang lagi tindakan represif aparat, mau TNI, Polri dll... 
Jangan pernah ada lagi.."
211,kiki14861674,"tragedi kanjuruhan,kondisi ini tentu sangat memprihatikan berulangnya kerusuhan dalam pertandingan sepak bola seolah menunjukan pembiaran negara atas hal ini targedi ini menunjukan tindakan represif aparat dalam menangani kerusuhan.
#IslamKaffah

https://t.co/W95X8o252V"
212,Mufin_4,"Tragedi Kanjuruhan menunjukkan tindakan represif aparat dalam menangani kerusuhan yg terjadi. Dg berdalih menjaga keamanan masyarakat, mereka justru merebut hak hidup rakyat. Dalam sistem demokrasi, rakyat hanya dikibuli.
Simak Serba-serbi MMC
https://t.co/dQQrayGT7G
#Islamkaffah"
213,UmmuHimmah5,"Tragedi Kanjuruhan menunjukkan tindakan represif aparat dalam menangani kerusuhan yg terjadi. Hal ini nampak pada penggunaan gas air mata yang sejatinya dilarang dalam pertandingan sepakbola.
Simak penjelasan lengkapnya di Serba-serbi MMC
https://t.co/eOOpSNQW7z

#Islamkaffah"
214,KayyisahUmmu,"Berulangnya kerusuhan dalam pertandingan sepakbola, seolah menunjukkan pembiaran negara atas hal ini. Di sisi lain, tragedi Kanjuruhan menunjukkan tindakan represif aparat dalam menangani kerusuhan yg terjadi.
Selengkapnya di Serba-serbi MMC
https://t.co/Dead67KwDA

#Islamkaffah"
215,AlifCena,RT @nu_online: Gusdurian mengecam dan menyesalkan tindakan aparat yang represif dan menembakkan gas air mata ke tribun penonton. https://t.‚Ä¶
216,kuroimugen,"RT @yo2thok: Akibat perlakuan represif tersebut sontak suporter lainnya turun ikut membantu kawan2nya, Aparat keamanan berhasil memukul mun‚Ä¶"
217,kuroimugen,"RT @yo2thok: Kronologisnya setelah pemain Persebaya masuk ruang ganti, Pemain AREMA berkumpul ditengah utk minta maaf, 2 orang masuk lapang‚Ä¶"
218,MandalaKrida5,"Ku dewe yo bingung kog akhir2 ni britane aparat
Penegak hukum Arogan,Represif,Melakukan tindak kriminal,Korupsi dll
Kapan Reformasi ditubuh institusiny biar aparat mjd lebih baik lg
Mngayomi dan merakyat
Penindakan hukum yg tegas,tepat,benar dn penegakan hukum yg adil https://t.co/SORiXaZuqb"
219,kreatic_id,"@Bejo189 @AndraLalilulelo @hadi_11bsk @tvOneNews Yaps ((hukum yang anarkis)), tapi apakah yang tidak terlibat harus mati juga? Apakah dikurung dan ditembakan gas air mata itu tepat? Tidak semuanya anarkis dong tentunya. Saya tidak membela ketidakbenaran, tapi saya juga tidak setuju represif aparat.."
220,halpurwanto,"RT @khandamu69: MASUK AKAL
Kronologisnya setelah pemain Persebaya masuk ruang ganti, Pemain AREMA berkumpul ditengah utk minta maaf, 2 oran‚Ä¶"
221,catmerade,"@Aini_nurvita gw langsung lompat ke kalimat yg bawah ya. 

laiya, gw ngasih contoh video kerusuhan di austria itu ya untuk mengkritisi aparat keamanan agar berbenah sistemnya dalam menangani suporter. sejauh ini kan aparat selalu represif, tp buktinya di video tsb aparat bisa gak represif."
222,Ghifarikun1,"@Sang_netral @mbaupeh @auroradiiceland Mereka yg rusuh karena melihat temannya mendapat tindakan represif oleh aparat, udah tau sendiri kalo aparat itu public Enemy, kena tindakan dikit aja banyak yg kepancing"
223,irhas_azmi,"@BeckzSpace Astaga
Ini orang masih gak paham ü§£ü§£
Yaudah terserah lo aja

Yg pasti dunia internasional tau penyebabnya karena aparat yg melakukan tindakan represif"
224,wibukritis,"Tragedi Kanjuruhan, satu lagi bukti nyata tindakan represif aparat
Apa yang bisa diambil kesimpulan dari triliunan kasus kedzoliman sistemik?
a. Lanjut tidur
b. Belajar islam kaffah
https://t.co/Ol6wAr9WWj
_Serba-serbi MMC https://t.co/r4vNzLEvIW"
225,bloomfl789,"Serba-serbi MMC

Indonesia berduka di awal Oktober ini. Tragedi Kanjuruhan telah menelan korban ratusan jiwa. Apa pandangan ƒ∞slam terhadap tindakan represif Yang diduga dilakukan aparat pada tregadi tsb?
#IslamKaffah
https://t.co/bfQkuWhzrO"
226,baksoangetenak,"Tragedi Kanjuruhan, benarkah disertai tindakan represif? Tembakan gas air mata oleh aparat diduga kuat jadi pemicu tewasnya ratusan org pada tragedi ini. Bagaimana Islam menanggapi hal ini?
Simak dalam video Serba-serbi MMC berikut
https://t.co/CWNcv01lii

#Islamkaffah"
227,pemburuilmu161,"Kondisi ini sangat memprihatinkan berulangnya kerusuhan dalam pertandingan sepak bola seolah menunjukkan pembiaran negara dalam hal ini disisi lain tragedi ini menunjukkan tindakan represif aparat dalam menangani kerusuhan | serba serbi MMC
""IslamKaffah"".
https://t.co/lReb60BIzF"
228,emak_peradaban,"Tragedi di Kanjuruhan spt membuka mata byk orang bahwa nyawa lbh berharga drpd sebuah pertandingan apapun itu. Kalah atau menang hendaknya diterima dgn dada yg lapang oleh para suporter. Aparat pun dlm hal ini jgn bertindak represif.

#IslamKaffah"
229,visiau,RT @senopatimgl: @MCAOps Lelah melihat semua kengerian dan ketidak Adilan kini. Kami yang di Katai kadrun udah sering teriak aparat yg repr‚Ä¶
230,voidotid,"""Namun sayangnya, hal tersebut ditanggapi lain oleh aparat keamanan, insiden pun diawali dengan adanya tindakan represif aparat keamanan dengan melakukan pemukulan dan penenda... https://t.co/6d2H161cSk"
231,kerupukrenyah15,"Tragedi Kanjuruhan, benarkah disertai tindakan represif? Aparat tak hanya menembakkan gas air mata ke lapangan untuk mengurai massa, tapi juga ke arah sejumlah tribun di Stadion Kanjuruhan. Bgmn Islam menanggapi hal ini?
Simak Serba-serbi MMC
https://t.co/XxZmHtaSwI

#Islamkaffah"
232,IbukneArek,"Tragedi Kanjuruhan, benarkah disertai tindakan represif? Aremania yg berhamburan turun ke area lapangan disambut dg peringatan gas air mata oleh aparat. Bagaimana Islam menanggapi hal ini?
Simak dalam video Serba-serbi MMC berikut
https://t.co/ySkTGgSuVF

#Islamkaffah"
233,sateayam1305,"Tragedi Kanjuruhan, Benarkah Disertai Tindakan Represif Aparat?  
Simak selengkapnya di Serba-serbi MMC
https://t.co/h1otl1PlIp
#Islamkaffah"
234,miekuah294,"Tragedi Kanjuruhan, Benarkah Disertai Tindakan Represif Aparat? 
Selengkapnya di Serba-serbi MMC
https://t.co/RLFdTHJpcx
#Islamkaffah"
235,Sha_sha094,"Tragedi Kanjuruhan, Benarkah Disertai Tindakan Represif Aparat?
Indonesia membuka lembaran di bulan Oktober ini dengan duka yang mendalam setelah tragedi Kanjuruhan, Malang, yg telah menelan ratusan korban jiwa.
Selengkapnya di Serba-serbi MMC
https://t.co/HchaGNW8Ej
#Islamkaffah"
236,bungamekar37,"Tragedi Kanjuruhan, Benarkah Disertai Tindakan Represif Aparat?
Indonesia membuka lembaran di bulan Oktober ini dengan duka yang mendalam setelah tragedi Kanjuruhan, Malang, yg telah menelan ratusan korban jiwa.
Simak di Serba-serbi MMC
https://t.co/bBlOUUS5az
#Islamkaffah"
237,senopatimgl,"@MCAOps Lelah melihat semua kengerian dan ketidak Adilan kini. Kami yang di Katai kadrun udah sering teriak aparat yg represif. skg Aremania yang mengalami, bulan tak mungkin kelompok atau golongan lain lagi yang akan mengalami. Tapi ya sdhlah semoga hanya doa ini lah yang membantu kita"
238,Inu48129877,"Tragedi kanjuruhan, dmn aparat bertindak represif, melanggar aturan FIFA. Apakah betul ini tindakan represif? Ada yg bilang ini utk melindungi yg lain? Yuk simak
Serba-serbi MMC
https://t.co/J92FB4tcot
#Islamkaffah"
239,purpleheart763,"Tragedi Kanjuruhan, Benarkah Disertai Tindakan Represif Aparat?  Simak di Serba-serbi MMC
https://t.co/0fEAmOD3Wr
#Islamkaffah"
240,Ahyu75298811,"Kanjuruhanan berdarah, semestinya tragedi ini menjadi pelajaran berharga khususnya pemimpin negeri. Kematian ratusan orang dan tindakan Represif aparat, bgmn hrsnya negara bersikap? Cek
Serba-serbi MMC
https://t.co/4QkyGRs2D7
#Islamkaffah"
241,Wahyu90326458,"Tragedi berdarah kanjuruhan bikin ngeri, aparat diduga represif. Siapa yg hrs bertanggungjawab? Bgmn peran negara dlm kasus ini? Yuk simak
Serba-serbi MMC
https://t.co/0ZpjLadvNi
#Islamkaffah"
242,dSriBunnies,"@hanifhnrs @VICE_ID ini bukan bentrokan antar suporter, yg, hanya ada segelintir oknum suporter yg ngejar pemain. Ketika pemain dan official sudah diamankan dievakuasi, pihak keaman tidak perlu bertindak represif apalagi tembak gas air mata. Rusuh terjadi ketika ada tindak repreaif dari aparat"
243,iwankecil,"ada oknum aparat yg represif ya, tapi penonton melanggar aturan PSSI juga iya...jadi kesalahan bukan cuma di satu pihak https://t.co/FCiVfuHrDd"
244,Depol30475285,"Tragedi kanjuruhan menimbulkan pro kontra lantaran aparat yg diduga bertindak represif. Benerkah bgtu? Yuk simak
Serba-serbi MMC
https://t.co/UE3FE5fhLZ
#Islamkaffah"
245,nocontextsleman,"Begitupun tindakan represif aparat; Polisi; Militer harus di selesaikan, usut tuntas dari akar. Bawa ke pengadilan. Penjaranan semua pihak yang bersalah, termasuk pemegang hak siar liga."
246,ForumTerkini,Komisi X DPR Pertanyakan Tindakan Represif Aparat pada Tragedi Kanjuruhan https://t.co/9ALav6cpu9 https://t.co/yWxaKalk8R
247,nicha_tun,"Tr4gedi k4njuruhan ini menunjukkan  tinakan represif aparat dalam menangani kerusuhan. Simak bagaimana Islam memandang persoalan ini di serba-serbi MMC 
#IslamKaffah
https://t.co/zWaGj4Gtty"
248,AgusJuned_,"Selain orang-orang idiot yang mendukung tindakan aparat yang represif, orang-orang yang memanfaatkan momen ini dengan buat konten setan-setanan di kanjuruhan juga kontol."
249,Namaewakawaine,"Ketika kata mengayomi hanya menjadj jargon,tindakan represif bersembunyi dibalik ketiak sudah sesuai prosedur. Jadilah tragedi kanjuruhan. Bukti bhw betapa jauhnya aparat dr #IslamKaffah sehingga bermudah2 menyakiti.
Serba-serbi MMC
https://t.co/RdXhE59rOR"
250,tilmiidzatun,"Sisi lain tragedi Kanjuruhan menunjukkan tindakan represif aparat dalam menangani kerusuhan  yang nampak pada penggunaan gas air mata yang sejatinya dilarang 

Lalu bagaimana pandangan Islam ? Simak di Serba serbi Mmc
https://t.co/FfAK6FSqQ1
#IslamKaffah"
251,tahirbdp,"Wahai aparat, ada apa dengan kalian ?
Belum selesai rasanya hati ini bertanya - tanya terkait Penembakan salah satu anggotamu sendiri.
Belum juga benar2 kami lupa peristiwa represif kalian beberapa tahun lalu.
Sekarang ratusan jiwa meregang nyawa diantara ribuan yang terluka."
252,Alhaura_18,"Serba-serbi MMC
Bulan Oktober diawali dengan kesedihan yang luar biasa, tragedi Kanjuruhan ini sangat memilukan. Sangat menyayangkan tindakan represif aparat yang menjadi biang hilangnya ratusan nyawa
https://t.co/y7QEbv7hVj

#IslamKaffah"
253,Biburr,"RT @FNKSDA: ""Perilaku aparat yang represif, seolah menjadikan masyarakat bukanlah pihak yang harus mendapat pengayoman, tapi malah sebagai‚Ä¶"
254,FNKSDA,"""Perilaku aparat yang represif, seolah menjadikan masyarakat bukanlah pihak yang harus mendapat pengayoman, tapi malah sebagai musuh ""

Baca selengkapnya di artikel ""Tragedi Kanjuruhan: Mengapa Hanya Kapolres Malang yang Dicopot?"",¬†https://t.co/a4KrlI8tDL."
255,padiwig,@red_ardy @hanifhnrs @VICE_ID Apalagi klu yg tau cikal bakal arema &amp; pendukungnya ngk bakal seberingas ini. Tindakan represif &amp; salah prosedur aparat yg  tdk mau diakui.
256,alrazaakk,"@detikcom Itu bukan kekurangan tapi berlebihan tindakan represif aparat sampai meninggalnya supporter, itu pembantaian terhadap supporter pak"
257,fhadol_gee,"@kakareptil @AgusSanjaya2022 @VIVAcoid eforia penonton biasa kalo jebol masuk lapangan,mereka anarkis setelah melihat aparat represif tidak persuasif apalagi ada gas air mata semakin emosi mrk,biasanya suporter gitu dekat dengan pemain apalagi bisa selfi dng idola adalah kebanggaan,liat tu yg kejar kiper malah pelukan"
258,JustAnotherBois,"@arlstikel18 @henikusman @kangpree @ada_pohan Salah ? Baca perkap no 1 tahun 2009. Semua udah berdasar undang2 buat tindakan represif.
Lo kebanyakan nonton teori2 konspirashit ü•± semua media luar negeri nyimpulin klo itu kejadian ‚Äústampede‚Äù cuman di indo doang yg begini koar2 salahin aparat biar cuci tangan arema, basi ü§´"
259,mediaindonesia,Dede Yusuf Pertanyakan Tindakan Represif Aparat di Tragedi Kanjuruhan  https://t.co/e5Umi8xBFf
260,eradotid,"Represif? Ah, yang bener? https://t.co/9jAG7iaI7J"
261,Muslimwonder,"Tragedi kanjuruhan menunjukkan tindakan represif aparat menangani kerusuhan. Nampak penggunaan gas air mata yang sejatinya dilarang dalam pertandingan sepak bola. Dalam dokumen FIFA stadium safety and security pasal 19 nomor B.
Serba-serbi MMC
#Islamkaffah
https://t.co/I7FbxKUZp1"
262,HerrySuryya,"RT @SyaikhuMochtar: @okkymadasari Itulah faktanya, tampak jelas stlh masuknya orang iniüëádan Tito sbg kapolrinya. Aparat sangat represif thd‚Ä¶"
263,jambulpenguin,RT @RumahCemara: Salah satu perkara yang muncul atas penerapan kebijakan narkoba yang represif adalah terjadinya perilaku korup aparat dala‚Ä¶
264,AbRifdah,"Dalam Kanjuruhan ini adalah tindakan represif aparat dalam menangani kerusuhan yang terjadi nampak pada adanya gas air mata yang sebenarnya dilarang
https://t.co/blHlww1pCI
#IslamKaffah"
265,AmirGrage,"RT @khandamu69: MASUK AKAL
Kronologisnya setelah pemain Persebaya masuk ruang ganti, Pemain AREMA berkumpul ditengah utk minta maaf, 2 oran‚Ä¶"
266,DidingNurislam,"RT @bachrum_achmadi: Menghadapi pendemo aparat represif. Menghadapi suporter sepak bola aparat represif &amp; gegabah.

Menghadapi 6 laskar FPI‚Ä¶"
267,AlqomarWahyu,"RT @PDemokrat: ""Penggunaan bom asap dalam pertandingan sepak bola dilarang FIFA. Namun, aparat tetap menggunakan. Perlakuan aparat yg repre‚Ä¶"
268,queenbalqis41,"Tragedi kanjuruhan menunjukkan tindakan represif aparat dalam menangani kerusuhan yg terjadi.

 Serba Serbi MMC
https://t.co/BfDRyKnMUR
#IslamKaffah"
269,Amiruhu8,"RT @audhinafh: Kadang2 yg bela aparat represif tu bukan buzzer, tp emang pekok aja"
270,oiorlando_,"Stadion harus menjadi tempat aman bagi semua kalangan, bukan tempat orang orang menggali kuburan mereka sendiri, jangan pernah lupa 125 orang meninggal di Kanjuruhan karena sikap represif aparat. #UsutTuntasTragediKanjuruhan"
271,AjaDamanik,"RT @opposite090l92: Narasi yg menyalahkan fanatisme, konflik antar supporter jelas keliru. Penggunaan Gas Air mata lah penyebab utama kepan‚Ä¶"
272,RumahCemara,Salah satu perkara yang muncul atas penerapan kebijakan narkoba yang represif adalah terjadinya perilaku korup aparat dalam upaya penanganan pidana masalah narkoba ini. Bahkan tidak sedikit dari mereka yang turut berbisnis narkoba.
273,Pecinta_Rabbana,"Tragedi Kanjuruhan mnlan bnyk korbn, hal sprti ini srng trjadi, prtandingn sepak bola brujung taurn suporter, yg disesalkan adlh tindakn aparat yg terkesan represif. Bagaimana Islam memandang hal ini? Simak Serba-serbi MMC https://t.co/001bpFsx6n

#IslamKaffah"
274,CandraYusak,"@muhammadpoll Ndak juga, suporter memang turun, mereka juga salah. Tapi gak petentang petenteng sok jagoan, mereka protes ke pemain Arema, gesturnya juga gak buruk. Justru respon aparat yang represif membuat penonton tribun lain emosi lalu menyerang."
275,EuiMin9,"Tragedi Kanjuruhan, aparat represif berdalih menjaga keamanan rakyat. Faktanya merebut hak hidup rakyat
#IslamKaffah
https://t.co/gnEG8LPFbY"
276,HolmesSinatrya,"Lagi-lagi aparat bertindak represif kepada rakyat, sampai ratusan korban berjatuhan atas tragedi Kanjuruhan, bagaimana peran aparat atau polisi dalam islam? Simak di serba-serbi MMC
#islamkaffah"
277,uminy44zk4,"Tragedi kanjuruhan menunjukkan tindakan represif aparat dalam menangani kerusuhan yang terjadi.

Serba serbi MMC https://t.co/2L43cRjRDX
#islamkaffah"
278,akusyifa21,"#TragediK4njuruhan,  bukti pembiaran negara pada tindakan represif aparat. Bagaimana Islam menanggapi hal ini? Simak dalam video Serba-serbi MMC

https://t.co/L8SeWiYIwA

Jangan lupa share seluas-luasnya ya...

#islamkaffah https://t.co/G6YL6LclHa"
279,Azzahra54467645,"tragedi kanjuruhan,kondisi ini tentu sangat memprihatikan berulangnya kerusuhan dalam pertandingan sepak bola seolah menunjukan pembiaran negara atas hal ini targedi ini menunjukan tindakan represif aparat dalam menangani kerusuhan.
#IslamKaffah

https://t.co/H44OK0pUa3"
280,bungaca36706852,"tragedi kanjuruhan,kondisi ini tentu sangat memprihatikan berulangnya kerusuhan dalam pertandingan sepak bola seolah menunjukan pembiaran negara atas hal ini targedi ini menunjukan tindakan represif aparat dalam menangani kerusuhan.
#IslamKaffah

https://t.co/nd3WQEEfcS"
281,Goku1190,"Berulangnya kerusuhan dlm pertandingan sepak bola seolah pembicaraan negara ats hal ini, tragedi di kanjuruhan mepkan represif aparat dlm menangani kerusuhan| Serba-serbi MMC https://t.co/FMF9IrPfBL lewat @YouTube
#IslamKaffah"
282,di_y4nie,"Disisi lain tragedi ini menunjukkan tindakan represif aparat dlm menangani kerusuhan yg terjadi. Hal ini nampak pd penggunaan gas air mata yg sejatinya dilarang penggunaannya dlm pertandingan sepak bola.
""Serba-serbi MMC""
""Tragedi Kanjuruhan""

#Islamkaffah
https://t.co/5yybac8CVD https://t.co/OmZRYFUwnG"
283,SyaikhuMochtar,"@okkymadasari Itulah faktanya, tampak jelas stlh masuknya orang iniüëádan Tito sbg kapolrinya. Aparat sangat represif thd rakyat sendiri dan terus terjadi smp skrg. https://t.co/adkLVhrpzu"
284,SuryaBorneo,Represif  kadang diperlukan secara terukur tapi masalah aparat dan politisi kita overacting https://t.co/sXK9iLmMvV
285,iipppeeeh,"@republikaonline Perihal tragedi kanjuruhan bukan hanya tentang suporter yg fanatik, aparat yg represif, tapi juga perihal lainnya yg perlu diperhatikan secara menyeluruh.
Serba-serbi MMC solusi #islamkaffah
https://t.co/8ALpf6XtBg"
286,sastrorejo,"RT @khandamu69: MASUK AKAL
Kronologisnya setelah pemain Persebaya masuk ruang ganti, Pemain AREMA berkumpul ditengah utk minta maaf, 2 oran‚Ä¶"
287,sandovchapunk,RT @caritaucom: Mantan Sekjen The Jak Mania mengutuk keras tindakan represif yang diduga dilakukan oknum aparat kepolisian dan oknum TNI te‚Ä¶
288,HarapanBaru16,"RT @choymarkochoy: Kami tahu aremania, 
Represif dari aparat yg perlu dipertanyakan

Salah satu korban yg sempat kami temui

#PrayForKanjur‚Ä¶"
289,Sba53973807Sba,"Penggunaan bom asap dlm pertandingan sepak bola dilarang FIFA. Namun, aparat tetap menggunakan. Perlakuan aparat yg represif harus dievaluasi. #DemokratKawalPerubahan AHY Peduli Rakyat https://t.co/Yh4RiIcaP2"
290,SantaPradana,"RT @AmirDemokrat: Penggunaan bom asap dlm pertandingan sepak bola dilarang FIFA. Namun, aparat tetap menggunakan. Perlakuan aparat yg repre‚Ä¶"
291,pekerjamuseum,RT @nu_online: Gusdurian mengecam dan menyesalkan tindakan aparat yang represif dan menembakkan gas air mata ke tribun penonton. https://t.‚Ä¶
292,ekurnia82,"RT @choymarkochoy: Kami tahu aremania, 
Represif dari aparat yg perlu dipertanyakan

Salah satu korban yg sempat kami temui

#PrayForKanjur‚Ä¶"
293,joserasyid,"RT @choymarkochoy: Kami tahu aremania, 
Represif dari aparat yg perlu dipertanyakan

Salah satu korban yg sempat kami temui

#PrayForKanjur‚Ä¶"
294,Crypt32741361,"RT @IbnoeAhmad4: Tindakan represif aparat hingga mengakibatkan jatuhnya korban ratusan nyawa hilang di stadion Kanjuruhan Malang,,...Iwan B‚Ä¶"
295,aufaJr,"RT @TirtoID: Aparat yang represif, panpel yang gegabah, federasi yang tak becus, operator kompetisi dan pemilik hak siar yang kemaruk, samp‚Ä¶"
296,pawangbanteng,"@DalamIstana @chaidar_2000 Ada supporter yg jd pemicu kerusuhan dgn masuk ke lapangan, kalo yg ini jelas salah. Akhirnya supporter lain di tribun jd korban. Supporter yg norak ketemu dgn aparat yg represif, panpel jg gagal antisipasi"
297,SARJANAPUTRA12,"RT @AmirDemokrat: Penggunaan bom asap dlm pertandingan sepak bola dilarang FIFA. Namun, aparat tetap menggunakan. Perlakuan aparat yg repre‚Ä¶"
298,SartonoHutomo,"RT @AmirDemokrat: Penggunaan bom asap dlm pertandingan sepak bola dilarang FIFA. Namun, aparat tetap menggunakan. Perlakuan aparat yg repre‚Ä¶"
299,ummufikri001,"Tragedi kanjuruhan, benarkah disertai tindakan represif aparat? 
Serba-serbi MMC
https://t.co/QQHOlh2SgB
#IslamKaffah"
